{
  "animation": [
    {
      "file": "animation+events.js",
      "title": "animation events"
    },
    {
      "file": "change+frame.js",
      "title": "change frame"
    },
    {
      "file": "change+texture+on+click.js",
      "title": "change texture on click"
    },
    {
      "file": "dragonBones.js",
      "title": "dragonBones"
    },
    {
      "file": "dragon_bones.js",
      "title": "dragon_bones"
    },
    {
      "file": "dynamic+animation.js",
      "title": "dynamic animation"
    },
    {
      "file": "group+creation.js",
      "title": "group creation"
    },
    {
      "file": "load+texture.js",
      "title": "load texture"
    },
    {
      "file": "local+json+object.js",
      "title": "local json object"
    },
    {
      "file": "looped+animation.js",
      "title": "looped animation"
    },
    {
      "file": "multiple+anims.js",
      "title": "multiple anims"
    },
    {
      "file": "phaser_dragonbones.js",
      "title": "phaser_dragonbones"
    },
    {
      "file": "sprite+sheet.js",
      "title": "sprite sheet"
    },
    {
      "file": "starling+atlas.js",
      "title": "starling atlas"
    },
    {
      "file": "stop+animation.js",
      "title": "stop animation"
    }
  ],
  "arcade physics": [
    {
      "file": "accelerate+to+pointer.js",
      "title": "accelerate to pointer"
    },
    {
      "file": "angle+between.js",
      "title": "angle between"
    },
    {
      "file": "angle+to+pointer.js",
      "title": "angle to pointer"
    },
    {
      "file": "angular+acceleration.js",
      "title": "angular acceleration"
    },
    {
      "file": "angular+velocity.js",
      "title": "angular velocity"
    },
    {
      "file": "asteroids+movement.js",
      "title": "asteroids movement"
    },
    {
      "file": "body+enable.js",
      "title": "body enable"
    },
    {
      "file": "body+scale.js",
      "title": "body scale"
    },
    {
      "file": "bounce+accelerator.js",
      "title": "bounce accelerator"
    },
    {
      "file": "bounce+knock.js",
      "title": "bounce knock"
    },
    {
      "file": "bounce+with+gravity.js",
      "title": "bounce with gravity"
    },
    {
      "file": "bounce.js",
      "title": "bounce"
    },
    {
      "file": "bounding+box.js",
      "title": "bounding box"
    },
    {
      "file": "direct+body+movement.js",
      "title": "direct body movement"
    },
    {
      "file": "gravity+and+drag.js",
      "title": "gravity and drag"
    },
    {
      "file": "gravity.js",
      "title": "gravity"
    },
    {
      "file": "group+vs+group.js",
      "title": "group vs group"
    },
    {
      "file": "group+vs+self.js",
      "title": "group vs self"
    },
    {
      "file": "larger+bounding+box.js",
      "title": "larger bounding box"
    },
    {
      "file": "launcher+follow+world.js",
      "title": "launcher follow world"
    },
    {
      "file": "launcher+follow.js",
      "title": "launcher follow"
    },
    {
      "file": "launcher.js",
      "title": "launcher"
    },
    {
      "file": "mass+velocity+test.js",
      "title": "mass velocity test"
    },
    {
      "file": "move+to+pointer.js",
      "title": "move to pointer"
    },
    {
      "file": "move+towards+object.js",
      "title": "move towards object"
    },
    {
      "file": "multi+angle+to+pointer.js",
      "title": "multi angle to pointer"
    },
    {
      "file": "multiball.js",
      "title": "multiball"
    },
    {
      "file": "nested+group.js",
      "title": "nested group"
    },
    {
      "file": "offset+bounding+box.js",
      "title": "offset bounding box"
    },
    {
      "file": "one+way+collision.js",
      "title": "one way collision"
    },
    {
      "file": "platformer+basics.js",
      "title": "platformer basics"
    },
    {
      "file": "platformer+tight.js",
      "title": "platformer tight"
    },
    {
      "file": "process+callback.js",
      "title": "process callback"
    },
    {
      "file": "quadtree+-+collision+infos.js",
      "title": "quadtree - collision infos"
    },
    {
      "file": "ship+trail.js",
      "title": "ship trail"
    },
    {
      "file": "shoot+the+pointer.js",
      "title": "shoot the pointer"
    },
    {
      "file": "snake.js",
      "title": "snake"
    },
    {
      "file": "sprite+vs+group.js",
      "title": "sprite vs group"
    },
    {
      "file": "sprite+vs+sprite.js",
      "title": "sprite vs sprite"
    },
    {
      "file": "vertical+collision.js",
      "title": "vertical collision"
    }
  ],
  "audio": [
    {
      "file": "audio+sprite.js",
      "title": "audio sprite"
    },
    {
      "file": "fade+in.js",
      "title": "fade in"
    },
    {
      "file": "loop.js",
      "title": "loop"
    },
    {
      "file": "pause+and+resume.js",
      "title": "pause and resume"
    },
    {
      "file": "play+music.js",
      "title": "play music"
    },
    {
      "file": "protracker.js",
      "title": "protracker"
    },
    {
      "file": "restart+sound.js",
      "title": "restart sound"
    },
    {
      "file": "ym.js",
      "title": "ym"
    }
  ],
  "basics": [
    {
      "file": "01+-+load+an+image.js",
      "title": "01 - load an image",
      "jsbin": "http://jsbin.com/zagob/1/edit?js,output"
    },
    {
      "file": "02+-+click+on+an+image.js",
      "title": "02 - click on an image",
      "jsbin": "http://jsbin.com/zagob/6/edit?js,output"
    },
    {
      "file": "03+-+move+an+image.js",
      "title": "03 - move an image",
      "jsbin": "http://jsbin.com/zagob/7/edit?js,output"
    },
    {
      "file": "04+-+image+follow+input.js",
      "title": "04 - image follow input",
      "jsbin": "http://jsbin.com/zagob/9/edit?js,output"
    },
    {
      "file": "05+-+load+an+animation.js",
      "title": "05 - load an animation",
      "jsbin": "http://jsbin.com/zagob/10/edit?js,output"
    },
    {
      "file": "06+-+render+text.js",
      "title": "06 - render text",
      "jsbin": "http://jsbin.com/zagob/11/edit?js,output"
    },
    {
      "file": "07+-+tween+an+image.js",
      "title": "07 - tween an image"
    }
  ],
  "bitmapdata": [
    {
      "file": "alpha+mask.js",
      "title": "alpha mask"
    },
    {
      "file": "atlas.js",
      "title": "atlas"
    },
    {
      "file": "cached+bitmapdata.js",
      "title": "cached bitmapdata"
    },
    {
      "file": "copy+pixels.js",
      "title": "copy pixels"
    },
    {
      "file": "draw+blended+sprite.js",
      "title": "draw blended sprite"
    },
    {
      "file": "draw+group.js",
      "title": "draw group"
    },
    {
      "file": "draw+sprite.js",
      "title": "draw sprite"
    },
    {
      "file": "fastcopy+draw.js",
      "title": "fastcopy draw"
    },
    {
      "file": "flood+fill.js",
      "title": "flood fill"
    },
    {
      "file": "get+pixel.js",
      "title": "get pixel"
    },
    {
      "file": "process+pixels+1.js",
      "title": "process pixels 1"
    },
    {
      "file": "process+pixels+2.js",
      "title": "process pixels 2"
    },
    {
      "file": "process+pixels+3.js",
      "title": "process pixels 3"
    },
    {
      "file": "radial+gradient.js",
      "title": "radial gradient"
    },
    {
      "file": "replace+color.js",
      "title": "replace color"
    },
    {
      "file": "set+hsl.js",
      "title": "set hsl"
    },
    {
      "file": "text+blend.js",
      "title": "text blend"
    },
    {
      "file": "text.js",
      "title": "text"
    },
    {
      "file": "wobble.js",
      "title": "wobble"
    }
  ],
  "buttons": [
    {
      "file": "action+on+click.js",
      "title": "action on click"
    },
    {
      "file": "button+in+a+group.js",
      "title": "button in a group"
    },
    {
      "file": "button+scale.js",
      "title": "button scale"
    },
    {
      "file": "button+using+texture+atlas.js",
      "title": "button using texture atlas"
    },
    {
      "file": "cancel+button.js",
      "title": "cancel button"
    },
    {
      "file": "changing+the+frames.js",
      "title": "changing the frames"
    },
    {
      "file": "rotated+buttons.js",
      "title": "rotated buttons"
    }
  ],
  "camera": [
    {
      "file": "basic+follow.js",
      "title": "basic follow"
    },
    {
      "file": "camera+cull.js",
      "title": "camera cull"
    },
    {
      "file": "camera+view.js",
      "title": "camera view"
    },
    {
      "file": "deadzone.js",
      "title": "deadzone"
    },
    {
      "file": "follow+styles.js",
      "title": "follow styles"
    },
    {
      "file": "mass+camera+cull.js",
      "title": "mass camera cull"
    },
    {
      "file": "moving+the+camera.js",
      "title": "moving the camera"
    },
    {
      "file": "world+sprite.js",
      "title": "world sprite"
    }
  ],
  "debug": [
    {
      "file": "debug+camera.js",
      "title": "debug camera"
    },
    {
      "file": "debug+display.js",
      "title": "debug display"
    },
    {
      "file": "debug+draw.js",
      "title": "debug draw"
    },
    {
      "file": "debug+input.js",
      "title": "debug input"
    },
    {
      "file": "debug+physics.js",
      "title": "debug physics"
    },
    {
      "file": "debug+sprite.js",
      "title": "debug sprite"
    }
  ],
  "demoscene": [
    {
      "file": "atari+intro.js",
      "title": "atari intro"
    },
    {
      "file": "ballfield.js",
      "title": "ballfield"
    },
    {
      "file": "defjam+path+follow.js",
      "title": "defjam path follow"
    },
    {
      "file": "flag.js",
      "title": "flag"
    },
    {
      "file": "floppy+disk.js",
      "title": "floppy disk"
    },
    {
      "file": "font+from+bitmapdata.js",
      "title": "font from bitmapdata"
    },
    {
      "file": "glitter.js",
      "title": "glitter"
    },
    {
      "file": "raster+bounce.js",
      "title": "raster bounce"
    },
    {
      "file": "raster+font.js",
      "title": "raster font"
    },
    {
      "file": "sine+wave+canvas.js",
      "title": "sine wave canvas"
    },
    {
      "file": "sine+wave.js",
      "title": "sine wave"
    },
    {
      "file": "starfield-batched.js",
      "title": "starfield-batched"
    },
    {
      "file": "starfield.js",
      "title": "starfield"
    },
    {
      "file": "textwriter.js",
      "title": "textwriter"
    },
    {
      "file": "unlimited+bobs.js",
      "title": "unlimited bobs"
    },
    {
      "file": "wobble.js",
      "title": "wobble"
    }
  ],
  "display": [
    {
      "file": "arc.js",
      "title": "arc"
    },
    {
      "file": "extract+mask.js",
      "title": "extract mask"
    },
    {
      "file": "fullscreen+buttons.js",
      "title": "fullscreen buttons"
    },
    {
      "file": "fullscreen.js",
      "title": "fullscreen"
    },
    {
      "file": "graphics+2.js",
      "title": "graphics 2"
    },
    {
      "file": "graphics.js",
      "title": "graphics"
    },
    {
      "file": "hsv+color+wheel.js",
      "title": "hsv color wheel"
    },
    {
      "file": "pixi+render+texture.js",
      "title": "pixi render texture"
    },
    {
      "file": "render+crisp.js",
      "title": "render crisp"
    },
    {
      "file": "render+texture+mirror.js",
      "title": "render texture mirror"
    },
    {
      "file": "render+texture+starfield.js",
      "title": "render texture starfield"
    },
    {
      "file": "render+texture+trail.js",
      "title": "render texture trail"
    },
    {
      "file": "round+pixels.js",
      "title": "round pixels"
    },
    {
      "file": "sprite+shadow.js",
      "title": "sprite shadow"
    },
    {
      "file": "tint+sprite+frame.js",
      "title": "tint sprite frame"
    },
    {
      "file": "tint+sprite.js",
      "title": "tint sprite"
    },
    {
      "file": "viewport.js",
      "title": "viewport"
    }
  ],
  "filters": [
    {
      "file": "bacteria.js",
      "title": "bacteria"
    },
    {
      "file": "blue+dots.js",
      "title": "blue dots"
    },
    {
      "file": "blur.js",
      "title": "blur"
    },
    {
      "file": "checker+wave.js",
      "title": "checker wave"
    },
    {
      "file": "dalek.js",
      "title": "dalek"
    },
    {
      "file": "dotwave.js",
      "title": "dotwave"
    },
    {
      "file": "dotwave2.js",
      "title": "dotwave2"
    },
    {
      "file": "fire.js",
      "title": "fire"
    },
    {
      "file": "fireball.js",
      "title": "fireball"
    },
    {
      "file": "gray.js",
      "title": "gray"
    },
    {
      "file": "kaleidoscope.js",
      "title": "kaleidoscope"
    },
    {
      "file": "lightbeams.js",
      "title": "lightbeams"
    },
    {
      "file": "lightwave.js",
      "title": "lightwave"
    },
    {
      "file": "marble.js",
      "title": "marble"
    },
    {
      "file": "mouse+ray.js",
      "title": "mouse ray"
    },
    {
      "file": "mouse+wave.js",
      "title": "mouse wave"
    },
    {
      "file": "plane+deformation.js",
      "title": "plane deformation"
    },
    {
      "file": "plasma.js",
      "title": "plasma"
    },
    {
      "file": "rainbow+bars.js",
      "title": "rainbow bars"
    },
    {
      "file": "retro+plasma.js",
      "title": "retro plasma"
    },
    {
      "file": "rotozoomer.js",
      "title": "rotozoomer"
    },
    {
      "file": "seascape.js",
      "title": "seascape"
    },
    {
      "file": "sinewave+fixed+base.js",
      "title": "sinewave fixed base"
    },
    {
      "file": "sinewave.js",
      "title": "sinewave"
    },
    {
      "file": "sphere+tracer.js",
      "title": "sphere tracer"
    },
    {
      "file": "spiral+galaxy.js",
      "title": "spiral galaxy"
    },
    {
      "file": "starfield.js",
      "title": "starfield"
    },
    {
      "file": "starlight.js",
      "title": "starlight"
    },
    {
      "file": "tunnel.js",
      "title": "tunnel"
    },
    {
      "file": "undersea.js",
      "title": "undersea"
    },
    {
      "file": "vdu+noise.js",
      "title": "vdu noise"
    },
    {
      "file": "vertical+bars.js",
      "title": "vertical bars"
    },
    {
      "file": "vortex.js",
      "title": "vortex"
    }
  ],
  "games": [
    {
      "file": "breakout.js",
      "title": "breakout"
    },
    {
      "file": "gemmatch.js",
      "title": "gemmatch"
    },
    {
      "file": "invaders.js",
      "title": "invaders"
    },
    {
      "file": "matching+pairs.js",
      "title": "matching pairs"
    },
    {
      "file": "simon.js",
      "title": "simon"
    },
    {
      "file": "starstruck.js",
      "title": "starstruck"
    },
    {
      "file": "tanks.js",
      "title": "tanks"
    }
  ],
  "geometry": [
    {
      "file": "centroid.js",
      "title": "centroid"
    },
    {
      "file": "circle.js",
      "title": "circle"
    },
    {
      "file": "line+bounds.js",
      "title": "line bounds"
    },
    {
      "file": "line+intersection.js",
      "title": "line intersection"
    },
    {
      "file": "line+reflection.js",
      "title": "line reflection"
    },
    {
      "file": "line.js",
      "title": "line"
    },
    {
      "file": "playing+with+points.js",
      "title": "playing with points"
    },
    {
      "file": "polygon+contains.js",
      "title": "polygon contains"
    },
    {
      "file": "polygon.js",
      "title": "polygon"
    },
    {
      "file": "rectangle.js",
      "title": "rectangle"
    },
    {
      "file": "rotate+point.js",
      "title": "rotate point"
    }
  ],
  "groups": [
    {
      "file": "add+a+sprite+to+group.js",
      "title": "add a sprite to group"
    },
    {
      "file": "bring+a+group+to+top.js",
      "title": "bring a group to top"
    },
    {
      "file": "call+all+animations.js",
      "title": "call all animations"
    },
    {
      "file": "call+all+input.js",
      "title": "call all input"
    },
    {
      "file": "call+all.js",
      "title": "call all"
    },
    {
      "file": "create+group.js",
      "title": "create group"
    },
    {
      "file": "create+sprite+in+a+group.js",
      "title": "create sprite in a group"
    },
    {
      "file": "depth+sort.js",
      "title": "depth sort"
    },
    {
      "file": "display+order.js",
      "title": "display order"
    },
    {
      "file": "extending+a+group.js",
      "title": "extending a group"
    },
    {
      "file": "for+each.js",
      "title": "for each"
    },
    {
      "file": "get+first+dead.js",
      "title": "get first dead"
    },
    {
      "file": "get+first.js",
      "title": "get first"
    },
    {
      "file": "group+as+layer.js",
      "title": "group as layer"
    },
    {
      "file": "group+scale.js",
      "title": "group scale"
    },
    {
      "file": "group+transform+-+rotate.js",
      "title": "group transform - rotate"
    },
    {
      "file": "group+transform+-+tween.js",
      "title": "group transform - tween"
    },
    {
      "file": "group+transform.js",
      "title": "group transform"
    },
    {
      "file": "has+property.js",
      "title": "has property"
    },
    {
      "file": "nested+groups.js",
      "title": "nested groups"
    },
    {
      "file": "recycling.js",
      "title": "recycling"
    },
    {
      "file": "remove+check.js",
      "title": "remove check"
    },
    {
      "file": "remove.js",
      "title": "remove"
    },
    {
      "file": "removeBetween.js",
      "title": "removeBetween"
    },
    {
      "file": "replace.js",
      "title": "replace"
    },
    {
      "file": "set+All.js",
      "title": "set All"
    },
    {
      "file": "sub+groups+-+group+length.js",
      "title": "sub groups - group length"
    },
    {
      "file": "swap+children+in+a+group.js",
      "title": "swap children in a group"
    }
  ],
  "input": [
    {
      "file": "bring+a+child+to+top.js",
      "title": "bring a child to top"
    },
    {
      "file": "button+open+popup.js",
      "title": "button open popup"
    },
    {
      "file": "cursor+key+movement.js",
      "title": "cursor key movement"
    },
    {
      "file": "drag+event+parameters.js",
      "title": "drag event parameters"
    },
    {
      "file": "drag+several+sprites.js",
      "title": "drag several sprites"
    },
    {
      "file": "drag.js",
      "title": "drag"
    },
    {
      "file": "drop+limitation.js",
      "title": "drop limitation"
    },
    {
      "file": "follow+mouse.js",
      "title": "follow mouse"
    },
    {
      "file": "game+scale.js",
      "title": "game scale"
    },
    {
      "file": "gamepad+analog+button.js",
      "title": "gamepad analog button"
    },
    {
      "file": "gamepad+buttons.js",
      "title": "gamepad buttons"
    },
    {
      "file": "gamepad+debug.js",
      "title": "gamepad debug"
    },
    {
      "file": "gamepad+hotkeys.js",
      "title": "gamepad hotkeys"
    },
    {
      "file": "gamepad+multiple+pads.js",
      "title": "gamepad multiple pads"
    },
    {
      "file": "gamepad+tanks.js",
      "title": "gamepad tanks"
    },
    {
      "file": "gamepad.js",
      "title": "gamepad"
    },
    {
      "file": "input+child+priority.js",
      "title": "input child priority"
    },
    {
      "file": "input+priority.js",
      "title": "input priority"
    },
    {
      "file": "key.js",
      "title": "key"
    },
    {
      "file": "keyboard+hotkeys.js",
      "title": "keyboard hotkeys"
    },
    {
      "file": "keyboard+justpressed.js",
      "title": "keyboard justpressed"
    },
    {
      "file": "keyboard.js",
      "title": "keyboard"
    },
    {
      "file": "motion+lock+-+horizontal.js",
      "title": "motion lock - horizontal"
    },
    {
      "file": "motion+lock+-+vertical.js",
      "title": "motion lock - vertical"
    },
    {
      "file": "multi+touch.js",
      "title": "multi touch"
    },
    {
      "file": "out+of+game.js",
      "title": "out of game"
    },
    {
      "file": "override+default+controls.js",
      "title": "override default controls"
    },
    {
      "file": "pixel+perfect+click+detection.js",
      "title": "pixel perfect click detection"
    },
    {
      "file": "pixelpick+-+atlas+scaled.js",
      "title": "pixelpick - atlas scaled"
    },
    {
      "file": "pixelpick+-+atlas.js",
      "title": "pixelpick - atlas"
    },
    {
      "file": "pixelpick+-+scrolling+effect.js",
      "title": "pixelpick - scrolling effect"
    },
    {
      "file": "pixelpick+-+spritesheet.js",
      "title": "pixelpick - spritesheet"
    },
    {
      "file": "pointer+lock.js",
      "title": "pointer lock"
    },
    {
      "file": "snap+on+drag.js",
      "title": "snap on drag"
    },
    {
      "file": "touch+joystick.js",
      "title": "touch joystick"
    },
    {
      "file": "virtual+gamecontroller.js",
      "title": "virtual gamecontroller"
    },
    {
      "file": "word+input.js",
      "title": "word input"
    }
  ],
  "loader": [
    {
      "file": "asset+pack.js",
      "title": "asset pack"
    },
    {
      "file": "check+cache.js",
      "title": "check cache"
    },
    {
      "file": "load+audio.js",
      "title": "load audio"
    },
    {
      "file": "load+bitmap+font.js",
      "title": "load bitmap font"
    },
    {
      "file": "load+events.js",
      "title": "load events"
    },
    {
      "file": "load+image.js",
      "title": "load image"
    },
    {
      "file": "load+spritesheet.js",
      "title": "load spritesheet"
    },
    {
      "file": "load+starling+atlas.js",
      "title": "load starling atlas"
    },
    {
      "file": "load+text+file.js",
      "title": "load text file"
    },
    {
      "file": "load+texture+atlas.js",
      "title": "load texture atlas"
    },
    {
      "file": "load+tilemap+json.js",
      "title": "load tilemap json"
    },
    {
      "file": "pick+images+from+cache.js",
      "title": "pick images from cache"
    }
  ],
  "misc": [
    {
      "file": "device.js",
      "title": "device"
    },
    {
      "file": "net.js",
      "title": "net"
    },
    {
      "file": "pause+menu.js",
      "title": "pause menu"
    },
    {
      "file": "random+generators.js",
      "title": "random generators"
    },
    {
      "file": "repeatable+random+numbers.js",
      "title": "repeatable random numbers"
    },
    {
      "file": "webcam.js",
      "title": "webcam"
    }
  ],
  "ninja physics": [
    {
      "file": "ninja+aabb+vs+aabb.js",
      "title": "ninja aabb vs aabb"
    },
    {
      "file": "ninja+aabb+vs+tile.js",
      "title": "ninja aabb vs tile"
    },
    {
      "file": "ninja+impact.js",
      "title": "ninja impact"
    },
    {
      "file": "ninja+tilemap.js",
      "title": "ninja tilemap"
    }
  ],
  "p2 physics": [
    {
      "file": "accelerate+to+object.js",
      "title": "accelerate to object"
    },
    {
      "file": "basic+movement.js",
      "title": "basic movement"
    },
    {
      "file": "body+click.js",
      "title": "body click"
    },
    {
      "file": "body+debug.js",
      "title": "body debug"
    },
    {
      "file": "chain.js",
      "title": "chain"
    },
    {
      "file": "collide+world+bounds.js",
      "title": "collide world bounds"
    },
    {
      "file": "collision+groups.js",
      "title": "collision groups"
    },
    {
      "file": "contact+events.js",
      "title": "contact events"
    },
    {
      "file": "contact+material.js",
      "title": "contact material"
    },
    {
      "file": "distance+constraint.js",
      "title": "distance constraint"
    },
    {
      "file": "gear+constraint.js",
      "title": "gear constraint"
    },
    {
      "file": "gravity+scale.js",
      "title": "gravity scale"
    },
    {
      "file": "gravity.js",
      "title": "gravity"
    },
    {
      "file": "impact+events.js",
      "title": "impact events"
    },
    {
      "file": "kill+and+revive.js",
      "title": "kill and revive"
    },
    {
      "file": "kinematic+body.js",
      "title": "kinematic body"
    },
    {
      "file": "load+polygon+1.js",
      "title": "load polygon 1"
    },
    {
      "file": "load+polygon+2.js",
      "title": "load polygon 2"
    },
    {
      "file": "load+polygon+3.js",
      "title": "load polygon 3"
    },
    {
      "file": "lock+constraint.js",
      "title": "lock constraint"
    },
    {
      "file": "mouse+spring.js",
      "title": "mouse spring"
    },
    {
      "file": "movement+constraint.js",
      "title": "movement constraint"
    },
    {
      "file": "pick+up+object.js",
      "title": "pick up object"
    },
    {
      "file": "platformer+material.js",
      "title": "platformer material"
    },
    {
      "file": "postbroadphase+callback.js",
      "title": "postbroadphase callback"
    },
    {
      "file": "prismatic+constraint.js",
      "title": "prismatic constraint"
    },
    {
      "file": "remove+spring.js",
      "title": "remove spring"
    },
    {
      "file": "revolute+constraint.js",
      "title": "revolute constraint"
    },
    {
      "file": "springs.js",
      "title": "springs"
    },
    {
      "file": "state+reset.js",
      "title": "state reset"
    },
    {
      "file": "static+body.js",
      "title": "static body"
    },
    {
      "file": "thrust.js",
      "title": "thrust"
    },
    {
      "file": "tilemap+gravity.js",
      "title": "tilemap gravity"
    },
    {
      "file": "tilemap.js",
      "title": "tilemap"
    },
    {
      "file": "tilesprite.js",
      "title": "tilesprite"
    },
    {
      "file": "world+boundary.js",
      "title": "world boundary"
    },
    {
      "file": "world+move.js",
      "title": "world move"
    }
  ],
  "particles": [
    {
      "file": "auto+scale.js",
      "title": "auto scale"
    },
    {
      "file": "click+burst.js",
      "title": "click burst"
    },
    {
      "file": "collision.js",
      "title": "collision"
    },
    {
      "file": "diamond+burst.js",
      "title": "diamond burst"
    },
    {
      "file": "emitter+width.js",
      "title": "emitter width"
    },
    {
      "file": "firestarter.js",
      "title": "firestarter"
    },
    {
      "file": "glass.js",
      "title": "glass"
    },
    {
      "file": "no+rotation.js",
      "title": "no rotation"
    },
    {
      "file": "particle+alpha.js",
      "title": "particle alpha"
    },
    {
      "file": "particle+class.js",
      "title": "particle class"
    },
    {
      "file": "particle+scale.js",
      "title": "particle scale"
    },
    {
      "file": "rain.js",
      "title": "rain"
    },
    {
      "file": "random+sprite.js",
      "title": "random sprite"
    },
    {
      "file": "smoke+trail.js",
      "title": "smoke trail"
    },
    {
      "file": "snow.js",
      "title": "snow"
    },
    {
      "file": "tweened+emitter.js",
      "title": "tweened emitter"
    },
    {
      "file": "when+particles+collide.js",
      "title": "when particles collide"
    },
    {
      "file": "zero+gravity.js",
      "title": "zero gravity"
    }
  ],
  "sprites": [
    {
      "file": "add+a+sprite.js",
      "title": "add a sprite"
    },
    {
      "file": "add+an+image.js",
      "title": "add an image"
    },
    {
      "file": "add+several+sprites.js",
      "title": "add several sprites"
    },
    {
      "file": "anchor.js",
      "title": "anchor"
    },
    {
      "file": "child+sprites.js",
      "title": "child sprites"
    },
    {
      "file": "collide+world+bounds.js",
      "title": "collide world bounds"
    },
    {
      "file": "destroy.js",
      "title": "destroy"
    },
    {
      "file": "dynamic+crop.js",
      "title": "dynamic crop"
    },
    {
      "file": "extending+sprite+demo+1.js",
      "title": "extending sprite demo 1"
    },
    {
      "file": "extending+sprite+demo+2.js",
      "title": "extending sprite demo 2"
    },
    {
      "file": "fixed+scale.js",
      "title": "fixed scale"
    },
    {
      "file": "horizontal+crop.js",
      "title": "horizontal crop"
    },
    {
      "file": "mask.js",
      "title": "mask"
    },
    {
      "file": "move+a+sprite.js",
      "title": "move a sprite"
    },
    {
      "file": "out+of+bounds.js",
      "title": "out of bounds"
    },
    {
      "file": "overlap+tween+without+physics.js",
      "title": "overlap tween without physics"
    },
    {
      "file": "overlap+without+physics.js",
      "title": "overlap without physics"
    },
    {
      "file": "rotate+and+scale.js",
      "title": "rotate and scale"
    },
    {
      "file": "scale+a+sprite.js",
      "title": "scale a sprite"
    },
    {
      "file": "shared+sprite+textures.js",
      "title": "shared sprite textures"
    },
    {
      "file": "sprite+from+bitmapdata.js",
      "title": "sprite from bitmapdata"
    },
    {
      "file": "sprite+rotation.js",
      "title": "sprite rotation"
    },
    {
      "file": "sprite+tint.js",
      "title": "sprite tint"
    },
    {
      "file": "spritesheet.js",
      "title": "spritesheet"
    },
    {
      "file": "vertical+crop.js",
      "title": "vertical crop"
    }
  ],
  "text": [
    {
      "file": "bitmap+fonts.js",
      "title": "bitmap fonts"
    },
    {
      "file": "bitmapfont+drag.js",
      "title": "bitmapfont drag"
    },
    {
      "file": "center+text+on+sprite.js",
      "title": "center text on sprite"
    },
    {
      "file": "colored+characters.js",
      "title": "colored characters"
    },
    {
      "file": "dynamic+text+shadow.js",
      "title": "dynamic text shadow"
    },
    {
      "file": "extending+text.js",
      "title": "extending text"
    },
    {
      "file": "google+webfonts.js",
      "title": "google webfonts"
    },
    {
      "file": "hello+arial.js",
      "title": "hello arial"
    },
    {
      "file": "kern+of+duty.js",
      "title": "kern of duty"
    },
    {
      "file": "line+color.js",
      "title": "line color"
    },
    {
      "file": "littera.js",
      "title": "littera"
    },
    {
      "file": "remove+text.js",
      "title": "remove text"
    },
    {
      "file": "retro+font+1.js",
      "title": "retro font 1"
    },
    {
      "file": "retro+font+2.js",
      "title": "retro font 2"
    },
    {
      "file": "set+properties+after+creation.js",
      "title": "set properties after creation"
    },
    {
      "file": "text+events.js",
      "title": "text events"
    },
    {
      "file": "text+gradient.js",
      "title": "text gradient"
    },
    {
      "file": "text+reflect.js",
      "title": "text reflect"
    },
    {
      "file": "text+shadow.js",
      "title": "text shadow"
    },
    {
      "file": "text+stroke.js",
      "title": "text stroke"
    },
    {
      "file": "update+text.js",
      "title": "update text"
    },
    {
      "file": "word+wrap.js",
      "title": "word wrap"
    }
  ],
  "tile sprites": [
    {
      "file": "animated+tiling+sprite.js",
      "title": "animated tiling sprite"
    },
    {
      "file": "colliding+with+tiling+sprite.js",
      "title": "colliding with tiling sprite"
    },
    {
      "file": "sprite+sheet+tiling+sprite.js",
      "title": "sprite sheet tiling sprite"
    },
    {
      "file": "tile+sprite+from+animated+sprite.js",
      "title": "tile sprite from animated sprite"
    },
    {
      "file": "tiling+sprite+atlas+32x32.js",
      "title": "tiling sprite atlas 32x32"
    },
    {
      "file": "tiling+sprite+atlas.js",
      "title": "tiling sprite atlas"
    },
    {
      "file": "tiling+sprite.js",
      "title": "tiling sprite"
    }
  ],
  "tilemaps": [
    {
      "file": "blank+tilemap.js",
      "title": "blank tilemap"
    },
    {
      "file": "create+from+objects.js",
      "title": "create from objects"
    },
    {
      "file": "csv+map+collide.js",
      "title": "csv map collide"
    },
    {
      "file": "csv+map+with+p2.js",
      "title": "csv map with p2"
    },
    {
      "file": "csv+map.js",
      "title": "csv map"
    },
    {
      "file": "fill+tiles.js",
      "title": "fill tiles"
    },
    {
      "file": "map+bounce.js",
      "title": "map bounce"
    },
    {
      "file": "map+collide.js",
      "title": "map collide"
    },
    {
      "file": "mario.js",
      "title": "mario"
    },
    {
      "file": "paint+tiles.js",
      "title": "paint tiles"
    },
    {
      "file": "randomise+tiles.js",
      "title": "randomise tiles"
    },
    {
      "file": "replace+tiles.js",
      "title": "replace tiles"
    },
    {
      "file": "sci+fly.js",
      "title": "sci fly"
    },
    {
      "file": "shuffle+tiles.js",
      "title": "shuffle tiles"
    },
    {
      "file": "swap+tiles.js",
      "title": "swap tiles"
    },
    {
      "file": "tile+callbacks.js",
      "title": "tile callbacks"
    },
    {
      "file": "tilemap+ray+cast.js",
      "title": "tilemap ray cast"
    }
  ],
  "time": [
    {
      "file": "basic+looped+event.js",
      "title": "basic looped event"
    },
    {
      "file": "basic+repeat+event.js",
      "title": "basic repeat event"
    },
    {
      "file": "basic+timed+event.js",
      "title": "basic timed event"
    },
    {
      "file": "custom+timer.js",
      "title": "custom timer"
    },
    {
      "file": "elapsed+seconds.js",
      "title": "elapsed seconds"
    },
    {
      "file": "remove+event.js",
      "title": "remove event"
    },
    {
      "file": "slow+down+time.js",
      "title": "slow down time"
    },
    {
      "file": "timed+slideshow.js",
      "title": "timed slideshow"
    }
  ],
  "tweens": [
    {
      "file": "alpha+text.js",
      "title": "alpha text"
    },
    {
      "file": "bounce.js",
      "title": "bounce"
    },
    {
      "file": "bubbles.js",
      "title": "bubbles"
    },
    {
      "file": "chained+tweens.js",
      "title": "chained tweens"
    },
    {
      "file": "combined+tweens.js",
      "title": "combined tweens"
    },
    {
      "file": "easing+spritesheets.js",
      "title": "easing spritesheets"
    },
    {
      "file": "easing.js",
      "title": "easing"
    },
    {
      "file": "fading+in+a+sprite.js",
      "title": "fading in a sprite"
    },
    {
      "file": "generate+data.js",
      "title": "generate data"
    },
    {
      "file": "pause+tween.js",
      "title": "pause tween"
    },
    {
      "file": "single+tween+reuse.js",
      "title": "single tween reuse"
    },
    {
      "file": "tween+from.js",
      "title": "tween from"
    },
    {
      "file": "tween+loop+event.js",
      "title": "tween loop event"
    },
    {
      "file": "tween+relative.js",
      "title": "tween relative"
    },
    {
      "file": "tween+reuse.js",
      "title": "tween reuse"
    },
    {
      "file": "tween+several+properties.js",
      "title": "tween several properties"
    },
    {
      "file": "yoyo.js",
      "title": "yoyo"
    }
  ],
  "world": [
    {
      "file": "fixed+to+camera.js",
      "title": "fixed to camera"
    },
    {
      "file": "move+around+world.js",
      "title": "move around world"
    },
    {
      "file": "world+wrap.js",
      "title": "world wrap"
    }
  ]
}