{ "height":15,
 "layers":[
        {
         "data":[34, 34, 34, 20, 20, 20, 20, 20, 20, 20, 20, 20, 20, 20, 20, 20, 20, 20, 20, 20, 34, 30, 34, 1, 1, 1, 1, 1, 1, 20, 1, 1, 1, 1, 1, 1, 1, 1, 1, 20, 34, 29, 34, 1, 20, 20, 20, 20, 20, 20, 1, 122, 20, 20, 20, 20, 20, 20, 1, 20, 20, 1, 20, 1, 20, 1, 1, 1, 1, 1, 1, 1, 1, 1, 1, 20, 1, 20, 1, 20, 20, 1, 136, 1, 20, 1, 20, 20, 20, 20, 20, 1, 122, 20, 1, 20, 1, 80, 1, 20, 20, 1, 1, 1, 136, 1, 20, 1, 1, 1, 20, 1, 1, 20, 1, 20, 1, 1, 1, 20, 20, 1, 80, 1, 1, 1, 20, 1, 136, 1, 20, 1, 122, 20, 20, 20, 20, 20, 1, 20, 20, 1, 20, 1, 136, 1, 20, 1, 20, 1, 20, 1, 1, 1, 1, 1, 1, 20, 1, 20, 20, 1, 20, 20, 20, 1, 20, 1, 20, 1, 20, 1, 136, 20, 20, 20, 1, 20, 1, 20, 20, 1, 1, 1, 1, 1, 20, 1, 20, 1, 20, 1, 1, 1, 1, 20, 1, 20, 1, 20, 20, 1, 20, 20, 20, 20, 20, 1, 20, 20, 20, 1, 20, 104, 104, 104, 1, 20, 1, 20, 20, 73, 20, 1, 1, 1, 1, 1, 1, 1, 1, 1, 1, 104, 100, 99, 1, 20, 1, 20, 20, 73, 20, 20, 20, 20, 20, 20, 20, 20, 20, 80, 1, 104, 104, 104, 20, 20, 1, 20, 20, 73, 73, 73, 1, 1, 1, 1, 1, 1, 1, 1, 1, 1, 1, 1, 1, 1, 1, 20, 20, 20, 20, 20, 20, 20, 20, 20, 20, 20, 20, 20, 20, 20, 20, 20, 20, 20, 20, 20],
         "height":15,
         "name":"Tile Layer 1",
         "opacity":1,
         "type":"tilelayer",
         "visible":true,
         "width":20,
         "x":0,
         "y":0
        }],
 "nextobjectid":6,
 "orientation":"orthogonal",
 "properties":
    {

    },
 "renderorder":"right-down",
 "tileheight":32,
 "tilesets":[
        {
         "firstgid":1,
         "image":"..\/..\/..\/..\/..\/arcadestorm\/MicroGames\/assets\/tiles.png",
         "imageheight":320,
         "imagewidth":448,
         "margin":0,
         "name":"tiles",
         "properties":
            {

            },
         "spacing":0,
         "tileheight":32,
         "tileproperties":
            {
             "135":
                {
                 "bonus":"100"
                },
             "29":
                {
                 "start":"true"
                },
             "72":
                {
                 "speed":"200"
                },
             "99":
                {
                 "goal":"true"
                }
            },
         "tilewidth":32
        }],
 "tilewidth":32,
 "version":1,
 "width":20
}